SNP.Name,Count,Total,Frequency,confint.lwr,confint.upr
Ara.1.spoT.snp,89,89,1,0.959399142450368,1
Ara.1.leuO.ilvI.snp,4,90,0.0444444444444444,0.0122405278500114,0.109900826878014
Ara.1.pykF..3.ins.u,0,90,0,0,0.0401589196157747
Ara.1.ebgR.snp,0,90,0,0,0.0401589196157747
Ara.1.nagC.snp,90,90,1,0.959841080384225,1
Ara.1.hsdM.snp,31,90,0.344444444444444,0.247404285408121,0.452039998334117
Ara.1.pykF..4.snp,0,90,0,0,0.0401589196157747
Ara.1.yaaH.snp,0,90,0,0,0.0401589196157747
Ara.1.arcB.snp,0,90,0,0,0.0401589196157747
Ara.1.malT.snp,90,90,1,0.959841080384225,1
Ara.1.mgrB.yobH.snp,0,88,0,0,0.041052629058078
Ara.1.nuoG.snp,2,87,0.0229885057471264,0.00279624103849323,0.0805858658367695
Ara.1.mrdB.snp,0,90,0,0,0.0401589196157747
Ara.1.x.thiC.snp,0,90,0,0,0.0401589196157747
Ara.1.tdcR.yhaB.snp,0,90,0,0,0.0401589196157747
Ara.1.nadR..2.snp,17,90,0.188888888888889,0.11405971246589,0.285113128567629
Ara.1.iclR.snp,0,90,0,0,0.0401589196157747
Ara.1.narI.ychS.snp,0,89,0,0,0.0406008575496318
Ara.1.yijC.snp,0,90,0,0,0.0401589196157747
Ara.1.yegI.snp,90,90,1,0.959841080384225,1
Ara.1.uvrB.del.d,0,89,0,0,0.0406008575496318
Ara.1.rspA.ynfA.snp,0,90,0,0,0.0401589196157747
Ara.1.ybaL.ins.d,90,90,1,0.959841080384225,1
Ara.1.gltB.del.d,51,90,0.566666666666667,0.458005749222027,0.670815715178542
Ara.1.nirC.snp,0,90,0,0,0.0401589196157747
Ara.1.dhaM.snp,0,90,0,0,0.0401589196157747
Ara.1.yhdG.fis.snp,51,90,0.566666666666667,0.458005749222027,0.670815715178542
Ara.1.pykF.snp,0,88,0,0,0.041052629058078
Ara.1.yedW.yedX.snp,51,90,0.566666666666667,0.458005749222027,0.670815715178542
Ara.1.pflC.del.d,50,90,0.555555555555556,0.446996014464897,0.660355843683954
Ara.1.infB.snp,90,90,1,0.959841080384225,1
Ara.1.glpE.snp,0,84,0,0,0.0429649196295651
Ara.1.acs.nrfA.snp,39,90,0.433333333333333,0.329184284821458,0.541994250777973
Ara.1.atoS.snp,5,90,0.0555555555555556,0.0182825458148836,0.124902665929017
Ara.1.maeB.talA.snp,31,90,0.344444444444444,0.247404285408121,0.452039998334117
Ara.1.gltI.snp,0,89,0,0,0.0406008575496318
Ara.1.elaD.snp,15,90,0.166666666666667,0.0963914275891819,0.25995055360842
Ara.1.mrdA.snp,87,87,1,0.958485434007362,1
Ara.1.mutT.ins.u,0,90,0,0,0.0401589196157747
Ara.1.araJ.snp,51,90,0.566666666666667,0.458005749222027,0.670815715178542
Ara.1.ycbX.ycbY.snp,0,90,0,0,0.0401589196157747
Ara.1.ybjN.potF.snp,0,90,0,0,0.0401589196157747
Ara.1.nuoM.snp,23,90,0.255555555555556,0.16940626930248,0.358385970674647
Ara.1.pcnB.snp,0,90,0,0,0.0401589196157747
Ara.1.iclR..2.snp,0,86,0,0,0.0419870153041445
Ara.1.rpsD.snp,0,90,0,0,0.0401589196157747
Ara.1.rpsM.snp,51,90,0.566666666666667,0.458005749222027,0.670815715178542
Ara.1.mreB.snp,0,86,0,0,0.0419870153041445
Ara.1.rpsA.snp,39,90,0.433333333333333,0.329184284821458,0.541994250777973
Ara.1.topA.snp,90,90,1,0.959841080384225,1
Ara.1.ycgH.snp,0,90,0,0,0.0401589196157747
Ara.1.yghJ.snp,51,90,0.566666666666667,0.458005749222027,0.670815715178542
