X, Replicate1, Replicate2, Replicate3, Replicate4, Replicate5, Replicate6, Replicate7, Replicate8, Replicate9, Replicate10, Replicate11, Replicate12, Replicate13, Replicate14, Replicate15, Replicate16, Replicate17, Replicate18, Replicate19, Replicate20, Replicate21, Replicate22, Replicate23, Replicate24, Replicate25, Replicate26, Replicate27, Replicate28, Replicate29, Replicate30, Replicate31, Replicate32, Replicate33, Replicate34, Replicate35, Replicate36, Replicate37, Replicate38, Replicate39, Replicate40, Replicate41, Replicate42, Replicate43, Replicate44, Replicate45, Replicate46, Replicate47, Replicate48, Replicate49, Replicate50, Replicate51, Replicate52, Replicate53, Replicate54, Replicate55, Replicate56, Replicate57, Replicate58, Replicate59, Replicate60, Replicate61, Replicate62, Replicate63, Replicate64, Replicate65, Replicate66, Replicate67, Replicate68, Replicate69, Replicate70, Replicate71, Replicate72, Replicate73, Replicate74, Replicate75, Replicate76, Replicate77, Replicate78, Replicate79, Replicate80, Replicate81, Replicate82, Replicate83, Replicate84, Replicate85, Replicate86, Replicate87, Replicate88, Replicate89, Replicate90, Replicate91, Replicate92, Replicate93, Replicate94, Replicate95, Replicate96, Replicate97, Replicate98, Replicate99, Replicate100
1, 0.427659, 0.764287, 0.785442, 0.641151, 0.494428, 0.568069, 0.510481, 0.647234, 0.540592, 0.784543, 0.555296, 0.702645, 0.910565, 0.92653, 0.389841, 0.630267, 0.98297, 0.908873, 0.690312, 0.832804, 0.909329, 0.719633, 0.818593, 0.840886, 0.958717, 0.755666, 0.969733, 0.851476, 0.878978, 0.921374, 0.570127, 0.923248, 0.570841, 0.589167, 0.639367, 0.974104, 0.723927, 0.507083, 0.713308, 0.94464, 0.713051, 0.788509, 0.606712, 0.782135, 0.507272, 0.748686, 0.853224, 0.620063, 0.612863, 0.502128, 0.636245, 0.654989, 0.693853, 0.647226, 0.59914, 0.820925, 0.56164, 0.651868, 0.699827, 0.903086, 0.861185, 0.466669, 0.643745, 0.842557, 0.809602, 0.703219, 0.689205, 0.532455, 0.626752, 0.830075, 0.94925, 0.730444, 0.858217, 0.650766, 0.79813, 0.926281, 0.516345, 0.599728, 0.609238, 0.479285, 0.45073, 0.589023, 0.868615, 0.759037, 0.557394, 0.589621, 0.82627, 0.702966, 0.754757, 0.660526, 0.585417, 0.867667, 0.48422, 0.565128, 0.971479, 0.814228, 0.761595, 0.678449, 0.703055, 0.773321
2, 0.204504, 0.764182, 0.373672, 0.427016, 6.00282e-05, 0.44825, 0.501674, 0.646028, 0.540592, 0.432965, 0.499281, 0.604317, 0.906159, 0.924673, 0.358325, 0.520559, 0.98297, 0.790995, 0.690312, 0.832568, 0.845779, 0.719633, 0.818593, 0.837778, 0.958665, 0.747838, 7.98594e-05, 0.725059, 0.747292, 0.921374, 0.56224, 0.732917, 0.540655, 0.573164, 0.638719, 0.973876, 0.723909, 0.481738, 0.712257, 0.936066, 0.466818, 4.39776e-05, 0.507368, 0.78129, 0.460215, 0.458231, 0.853224, 0.564289, 0.330725, 0.44033, 0.636245, 0.654309, 0.68682, 0.554707, 0.59914, 0.483839, 0.561046, 0.426415, 0.530744, 0.566213, 0.857436, 0.389734, 0.588434, 0.822766, 0.630731, 0.670697, 0.540392, 0.484579, 0.381386, 0.829825, 0.94925, 0.730444, 0.836835, 0.650766, 0.770765, 0.457422, 0.515704, 0.24586, 0.607859, 0.445767, 0.45073, 0.589023, 0.868615, 4.2051e-05, 0.557394, 0.561493, 0.781114, 0.696535, 0.635572, 0.522855, 0.434718, 0.259115, 0.483701, 0.356722, 0.971479, 0.810933, 0.680006, 0.677521, 0.53865, 0.662768
3, 5.99668e-06, 0.759078, 0.369302, 4.00139e-06, 7.99496e-05, 0.44825, 0.498556, 0.332321, 0.540592, 0.294912, 9.81398e-05, 1.80111e-05, 0.745923, 6.79516e-05, 9.99267e-06, 9.61648e-05, 0.954277, 3.60223e-05, 0.534126, 2.19569e-05, 0.423706, 0.71771, 0.780419, 0.837735, 0.924942, 0.654399, 5.79388e-05, 4.19544e-05, 0.727532, 8.41624e-05, 4.99411e-05, 6.77221e-05, 7.59994e-05, 9.82431e-05, 8.39367e-05, 7.99206e-05, 6.39538e-05, 9.96792e-06, 7.7956e-05, 5.01261e-05, 4.99076e-05, 0.788405, 4.79653e-05, 1.19993e-05, 6.02556e-06, 3.40082e-05, 0.807619, 9.82434e-05, 8.78819e-05, 0.44033, 7.20575e-05, 0.570175, 8.00154e-06, 1.80505e-05, 7.20884e-05, 5.59043e-05, 6.00737e-06, 6.79382e-05, 2.78989e-05, 1.3983e-05, 0.53351, 0.30292, 8.62086e-05, 2.99164e-05, 5.99495e-06, 6.00527e-05, 0.512498, 0.476351, 8.59739e-05, 0.826617, 0.94925, 8.19236e-05, 0.505477, 9.79653e-05, 0.476654, 9.99263e-06, 0.316613, 2.59381e-05, 1.99829e-06, 8.22032e-05, 6.98344e-05, 0.589001, 0.844677, 2.59919e-05, 1.99851e-06, 0.547755, 0.774501, 0.696445, 0.377158, 9.98139e-06, 3.58949e-05, 0.258809, 0.336953, 9.98642e-05, 0.971473, 0.577643, 0.680006, 9.98259e-06, 0.53865, 0.66247
4, 7.38264e-05, 9.20193e-05, 9.9791e-06, 9.98438e-06, 7.17585e-05, 7.99958e-06, 5.79292e-05, 0.284567, 4.19071e-05, 2.19946e-05, 9.81398e-05, 2.9951e-05, 8.1923e-05, 4.40884e-05, 7.99097e-06, 4.60939e-05, 4.80165e-05, 9.40969e-05, 6.41275e-05, 5.39412e-05, 2.20284e-05, 9.99001e-06, 6.40291e-05, 6.02604e-06, 6.01061e-06, 1.80221e-05, 7.01321e-05, 8.18559e-05, 7.99156e-06, 6.0116e-06, 9.40139e-05, 7.59473e-05, 9.99682e-05, 7.99218e-06, 8.39367e-05, 9.3911e-05, 4.3973e-05, 5.39854e-05, 6.98015e-05, 7.41275e-05, 2.00324e-06, 9.396e-05, 8.00887e-06, 7.99579e-05, 9.38834e-05, 9.4086e-05, 6.00191e-06, 7.77956e-05, 9.60096e-05, 7.4044e-05, 7.01469e-05, 9.39495e-05, 6.00372e-06, 3.79938e-05, 5.19816e-05, 8.00431e-06, 5.97762e-06, 9.40384e-05, 9.61799e-05, 9.98776e-05, 8.81135e-05, 5.5992e-05, 8.62086e-05, 8.7875e-05, 9.99916e-06, 7.61082e-05, 3.80538e-05, 5.99629e-05, 5.98092e-05, 6.40541e-05, 7.40175e-05, 2.39484e-05, 5.00649e-05, 9.79653e-05, 7.8212e-05, 9.99263e-06, 7.99829e-05, 8.78673e-05, 8.00875e-06, 5.99302e-06, 8.20115e-05, 9.97673e-06, 4.5887e-05, 9.60559e-05, 3.98656e-06, 6.00972e-06, 6.99429e-05, 7.7884e-05, 0.355378, 5.60445e-05, 9.01394e-05, 7.38461e-05, 8.00562e-05, 9.78249e-05, 0.852636, 7.9876e-05, 9.38641e-05, 7.99127e-06, 9.20562e-05, 4.80633e-05
5, 8.01226e-05, 7.60555e-05, 9.61521e-05, 7.59733e-05, 6.19813e-05, 9.99476e-06, 8.00347e-05, 2.1997e-05, 8.79896e-05, 7.39845e-05, 7.57624e-05, 7.39432e-05, 7.20963e-05, 8.79435e-05, 3.99014e-06, 6.39184e-05, 9.58983e-05, 9.40969e-05, 5.38981e-05, 0.0768736, 8.21033e-05, 9.80842e-05, 0.499311, 9.99167e-06, 6.0013e-06, 2.00297e-06, 7.01321e-05, 2.00257e-06, 7.40287e-05, 9.97783e-06, 9.79191e-05, 8.0007e-06, 5.9998e-06, 0.150889, 8.39367e-05, 7.99663e-06, 7.99263e-06, 3.99406e-06, 2.00312e-06, 7.41275e-05, 8.80907e-05, 1.99915e-06, 8.9895e-05, 9.99189e-06, 8.00142e-05, 5.2019e-05, 7.40329e-05, 8.79731e-05, 6.4015e-05, 9.20055e-05, 3.99929e-06, 9.61579e-05, 9.97707e-06, 6.78895e-05, 9.99125e-05, 4.00309e-06, 2.59799e-05, 2.39998e-05, 8.99331e-05, 1.80036e-05, 7.99573e-06, 8.00785e-06, 8.62086e-05, 8.60869e-05, 9.99916e-06, 9.99678e-06, 3.99191e-06, 9.79969e-05, 8.40821e-05, 1.19831e-05, 9.58292e-05, 7.00741e-05, 9.40766e-05, 9.98253e-06, 9.96766e-06, 9.99263e-06, 7.39109e-05, 9.79645e-05, 8.00875e-06, 7.40573e-05, 9.99942e-06, 7.99057e-06, 1.19705e-05, 8.60968e-05, 5.80309e-05, 4.39091e-05, 5.99554e-06, 9.58355e-05, 2.39789e-05, 5.81328e-05, 9.39354e-05, 8.59661e-05, 9.60104e-05, 7.61207e-05, 7.2018e-05, 4.60249e-05, 9.38641e-05, 4.99866e-05, 9.20562e-05, 1.2001e-05
6, 0, 5.80349e-05, 4.60521e-05, 4.79758e-05, 9.40867e-05, 8.20479e-05, 7.40321e-05, 9.99338e-06, 7.79818e-05, 3.19907e-05, 7.57624e-05, 7.39432e-05, 7.80562e-05, 7.40806e-05, 6.80953e-05, 5.99699e-06, 8.00818e-06, 9.60013e-05, 7.20179e-05, 1.2001e-05, 6.0066e-06, 8.22268e-05, 5.99795e-06, 9.99167e-06, 0.20875, 9.9853e-06, 9.59981e-05, 9.21306e-05, 0.17297, 4.00604e-06, 8.00918e-06, 7.5964e-05, 7.99928e-06, 4.00262e-06, 8.39367e-05, 9.99073e-06, 7.99263e-06, 5.99506e-06, 9.61169e-05, 7.41275e-05, 5.60933e-05, 2.5977e-05, 9.19586e-05, 5.99602e-06, 8.0125e-06, 4.60231e-05, 8.59258e-05, 5.20448e-05, 8.00647e-06, 5.20309e-05, 3.99929e-06, 7.8175e-05, 4.60808e-05, 0.55298, 6.01198e-06, 3.99264e-06, 3.78587e-05, 9.58233e-05, 3.99734e-06, 9.80955e-05, 8.59218e-05, 2.7984e-05, 8.62086e-05, 4.3957e-05, 8.8083e-05, 6.79693e-05, 4.20111e-05, 3.99841e-05, 2.39907e-05, 8.5956e-05, 9.58292e-05, 2.19795e-05, 9.40766e-05, 3.99796e-06, 6.99993e-05, 2.80805e-05, 5.99e-06, 8.99698e-05, 8.00875e-06, 0.109625, 2.99845e-05, 9.98754e-05, 1.99777e-06, 2.00362e-06, 2.7989e-05, 8.21238e-05, 8.00403e-06, 8.59747e-05, 9.60765e-05, 5.9912e-06, 0.000651977, 8.80257e-05, 8.20742e-05, 3.99237e-06, 4.3946e-05, 4.40239e-05, 9.38641e-05, 3.60503e-05, 1.20235e-05, 7.99663e-06
7, 0, 0.113615, 5.00018e-05, 1.9969e-06, 1.20111e-05, 8.20479e-05, 7.99803e-06, 9.99692e-06, 6.00096e-06, 0, 9.61783e-05, 7.99691e-06, 4.41037e-05, 0.00199482, 2.0028e-06, 2.79293e-05, 8.1903e-05, 6.80908e-05, 2.00084e-06, 5.99476e-06, 6.0066e-06, 7.39936e-05, 4.01011e-06, 9.99167e-06, 0.152708, 9.82173e-05, 1.00131e-05, 6.00459e-05, 3.99509e-06, 3.99686e-06, 0, 0, 2.40396e-05, 5.1977e-05, 8.39367e-05, 2.00024e-05, 7.99263e-06, 4.0035e-06, 6.41055e-05, 5.60965e-05, 6.00595e-06, 6.40838e-05, 9.19586e-05, 5.40136e-05, 8.0125e-06, 1.60015e-05, 4.00485e-06, 0, 8.00753e-06, 4.19446e-05, 7.20767e-05, 7.41855e-05, 4.00703e-06, 0.538829, 4.99423e-05, 0, 4.00333e-06, 5.99944e-06, 6.00396e-06, 5.40005e-05, 8.59218e-05, 3.99478e-05, 8.01595e-06, 4.40631e-05, 8.01048e-06, 6.40271e-05, 2.00502e-06, 5.99118e-06, 0, 8.98078e-05, 9.58292e-05, 7.99671e-06, 9.40766e-05, 9.99516e-06, 0, 1.20134e-05, 0, 8.99698e-05, 8.00875e-06, 8.19254e-05, 1.99966e-06, 3.79475e-05, 8.20461e-05, 0.215699, 4.79586e-05, 3.60009e-05, 8.79305e-05, 4.206e-05, 9.60765e-05, 0, 0, 8.80257e-05, 4.20718e-05, 3.19789e-05, 8.00256e-06, 6.80702e-05, 9.38641e-05, 1.99936e-06, 5.19406e-05, 3.20079e-05
8, 0, 4.19961e-05, 5.41053e-05, 0, 5.38562e-05, 8.20479e-05, 5.79292e-05, 8.40106e-05, 9.98309e-06, 0, 7.61412e-05, 7.18856e-05, 5.40522e-05, 3.99363e-05, 0.0705619, 0, 8.00818e-06, 6.80908e-05, 2.60464e-05, 0, 9.39271e-05, 6.38221e-05, 2.60834e-05, 1.99805e-06, 4.01321e-06, 9.82173e-05, 3.99859e-05, 0, 4.00094e-06, 8.01473e-06, 0, 0, 0, 0, 0.0287012, 0.0264401, 9.38109e-05, 1.99529e-06, 3.99665e-06, 4.00501e-06, 0.00844241, 8.99793e-05, 4.39802e-05, 7.80771e-05, 0, 5.99384e-06, 2.0016e-06, 0, 9.98797e-06, 8.21334e-05, 1.80313e-05, 0, 1.59881e-05, 1.99783e-06, 5.99593e-05, 0, 2.00234e-06, 0.0012458, 0, 4.60584e-05, 4.20457e-05, 0, 7.99519e-06, 5.9879e-06, 0, 5.39179e-05, 0, 5.41004e-05, 0, 0.024592, 9.58292e-05, 2.19795e-05, 9.40766e-05, 2.20334e-05, 0, 9.78163e-05, 0, 0, 4.00748e-05, 3.60187e-05, 0, 2.80169e-05, 4.39311e-05, 0.0159644, 9.98732e-06, 3.99891e-06, 4.60956e-05, 0, 9.60765e-05, 0, 0, 0, 5.99022e-06, 0, 5.19133e-05, 6.80702e-05, 9.38641e-05, 0, 9.18523e-05, 5.99669e-06
9, 0, 3.98279e-06, 0, 0, 0, 7.99958e-06, 5.79292e-05, 0, 0, 0, 2.00075e-06, 0, 4.20012e-05, 0, 3.99616e-06, 0, 8.00818e-06, 6.80908e-05, 0.00115469, 0, 9.60148e-05, 0, 4.19715e-05, 0.019495, 1.99969e-06, 9.82173e-05, 0, 0, 0, 3.99686e-06, 0, 0, 0, 0, 7.99728e-06, 4.00334e-06, 0, 0, 2.00312e-06, 1.99876e-06, 0, 0, 0, 4.79592e-05, 0, 4.18593e-05, 2.0011e-06, 0, 2.00161e-06, 0, 0, 0, 0, 5.40299e-05, 1.99985e-06, 0, 3.99071e-06, 3.9948e-06, 0, 0, 4.20457e-05, 0, 0, 2.00175e-06, 0, 8.60189e-05, 0, 0, 0, 9.99784e-06, 9.58292e-05, 4.79893e-05, 3.60674e-05, 1.99914e-06, 0, 0, 0, 0, 0, 1.60093e-05, 0, 2.00209e-05, 3.612e-05, 8.00963e-06, 3.99726e-06, 3.60009e-05, 0, 0, 5.99176e-06, 0, 0, 0, 0, 0, 8.79748e-05, 0, 1.99834e-06, 0, 1.80264e-05, 2.39971e-05
10, 0, 0, 0, 0, 0, 2.80123e-05, 9.80812e-05, 0, 0, 0, 0, 0, 3.99643e-05, 0, 6.98593e-05, 0, 8.00818e-06, 3.99725e-06, 0, 0, 0, 0, 2.60834e-05, 7.99766e-06, 0, 0, 0, 0, 0, 5.0098e-05, 0, 0, 0, 0, 3.99738e-06, 0.000254137, 0, 0, 2.00312e-06, 0, 0, 0, 0, 0, 0, 1.19703e-05, 1.99963e-06, 0, 0, 0, 0, 0, 0, 1.20023e-05, 2.0016e-06, 0, 0, 0, 0, 0, 1.60188e-05, 0, 0, 0, 0, 0, 0, 0, 0, 0, 9.58292e-05, 2.19795e-05, 0, 0, 0, 0, 0, 0, 0, 0, 0, 8.01613e-06, 3.612e-05, 0, 0, 4.58857e-05, 0, 0, 3.60117e-05, 0, 0, 0, 0, 0, 0.218078, 0, 0, 0, 8.18221e-05, 0
11, 0, 0, 0, 0, 0, 0, 5.79292e-05, 0, 0, 0, 0, 0, 0, 0, 0, 0, 9.19548e-05, 0, 0, 0, 0, 0, 0, 2.80473e-05, 0, 0, 0, 0, 0, 3.99686e-06, 0, 0, 0, 0, 0, 0, 0, 0, 5.99032e-05, 0, 0, 0, 0, 0, 0, 0, 0, 0, 0, 0, 0, 0, 0, 6.41259e-05, 0, 0, 0, 0, 0, 0, 3.9949e-06, 0, 0, 0, 0, 0, 0, 0, 0, 0, 9.58292e-05, 0, 0, 0, 0, 0, 0, 0, 0, 0, 0, 6.1968e-05, 7.98697e-06, 0, 0, 0, 0, 0, 3.60117e-05, 0, 0, 0, 0, 0, 5.60276e-05, 0, 0, 0, 0, 0
12, 0, 0, 0, 0, 0, 0, 7.99148e-06, 0, 0, 0, 0, 0, 0, 0, 0, 0, 0, 0, 0, 0, 0, 0, 0, 0, 0, 0, 0, 0, 0, 7.00385e-05, 0, 0, 0, 0, 0, 0, 0, 0, 6.00346e-06, 0, 0, 0, 0, 0, 0, 0, 0, 0, 0, 0, 0, 0, 0, 0, 0, 0, 0, 0, 0, 0, 0, 0, 0, 0, 0, 0, 0, 0, 0, 0, 9.58292e-05, 0, 0, 0, 0, 0, 0, 0, 0, 0, 0, 0, 2.00055e-06, 0, 0, 0, 0, 0, 5.99372e-06, 0, 0, 0, 0, 0, 0.00559685, 0, 0, 0, 0, 0
13, 0, 0, 0, 0, 0, 0, 1.00148e-05, 0, 0, 0, 0, 0, 0, 0, 0, 0, 0, 0, 0, 0, 0, 0, 0, 0, 0, 0, 0, 0, 0, 3.99686e-06, 0, 0, 0, 0, 0, 0, 0, 0, 2.79992e-05, 0, 0, 0, 0, 0, 0, 0, 0, 0, 0, 0, 0, 0, 0, 0, 0, 0, 0, 0, 0, 0, 0, 0, 0, 0, 0, 0, 0, 0, 0, 0, 9.58292e-05, 0, 0, 0, 0, 0, 0, 0, 0, 0, 0, 0, 0, 0, 0, 0, 0, 0, 0, 0, 0, 0, 0, 0, 0.000721336, 0, 0, 0, 0, 0
14, 0, 0, 0, 0, 0, 0, 0, 0, 0, 0, 0, 0, 0, 0, 0, 0, 0, 0, 0, 0, 0, 0, 0, 0, 0, 0, 0, 0, 0, 0, 0, 0, 0, 0, 0, 0, 0, 0, 0, 0, 0, 0, 0, 0, 0, 0, 0, 0, 0, 0, 0, 0, 0, 0, 0, 0, 0, 0, 0, 0, 0, 0, 0, 0, 0, 0, 0, 0, 0, 0, 9.58292e-05, 0, 0, 0, 0, 0, 0, 0, 0, 0, 0, 0, 0, 0, 0, 0, 0, 0, 0, 0, 0, 0, 0, 0, 0, 0, 0, 0, 0, 0
15, 0, 0, 0, 0, 0, 0, 0, 0, 0, 0, 0, 0, 0, 0, 0, 0, 0, 0, 0, 0, 0, 0, 0, 0, 0, 0, 0, 0, 0, 0, 0, 0, 0, 0, 0, 0, 0, 0, 0, 0, 0, 0, 0, 0, 0, 0, 0, 0, 0, 0, 0, 0, 0, 0, 0, 0, 0, 0, 0, 0, 0, 0, 0, 0, 0, 0, 0, 0, 0, 0, 9.97658e-06, 0, 0, 0, 0, 0, 0, 0, 0, 0, 0, 0, 0, 0, 0, 0, 0, 0, 0, 0, 0, 0, 0, 0, 0, 0, 0, 0, 0, 0
16, 0, 0, 0, 0, 0, 0, 0, 0, 0, 0, 0, 0, 0, 0, 0, 0, 0, 0, 0, 0, 0, 0, 0, 0, 0, 0, 0, 0, 0, 0, 0, 0, 0, 0, 0, 0, 0, 0, 0, 0, 0, 0, 0, 0, 0, 0, 0, 0, 0, 0, 0, 0, 0, 0, 0, 0, 0, 0, 0, 0, 0, 0, 0, 0, 0, 0, 0, 0, 0, 0, 9.58292e-05, 0, 0, 0, 0, 0, 0, 0, 0, 0, 0, 0, 0, 0, 0, 0, 0, 0, 0, 0, 0, 0, 0, 0, 0, 0, 0, 0, 0, 0
17, 0, 0, 0, 0, 0, 0, 0, 0, 0, 0, 0, 0, 0, 0, 0, 0, 0, 0, 0, 0, 0, 0, 0, 0, 0, 0, 0, 0, 0, 0, 0, 0, 0, 0, 0, 0, 0, 0, 0, 0, 0, 0, 0, 0, 0, 0, 0, 0, 0, 0, 0, 0, 0, 0, 0, 0, 0, 0, 0, 0, 0, 0, 0, 0, 0, 0, 0, 0, 0, 0, 0, 0, 0, 0, 0, 0, 0, 0, 0, 0, 0, 0, 0, 0, 0, 0, 0, 0, 0, 0, 0, 0, 0, 0, 0, 0, 0, 0, 0, 0
18, 0, 0, 0, 0, 0, 0, 0, 0, 0, 0, 0, 0, 0, 0, 0, 0, 0, 0, 0, 0, 0, 0, 0, 0, 0, 0, 0, 0, 0, 0, 0, 0, 0, 0, 0, 0, 0, 0, 0, 0, 0, 0, 0, 0, 0, 0, 0, 0, 0, 0, 0, 0, 0, 0, 0, 0, 0, 0, 0, 0, 0, 0, 0, 0, 0, 0, 0, 0, 0, 0, 0, 0, 0, 0, 0, 0, 0, 0, 0, 0, 0, 0, 0, 0, 0, 0, 0, 0, 0, 0, 0, 0, 0, 0, 0, 0, 0, 0, 0, 0
19, 0, 0, 0, 0, 0, 0, 0, 0, 0, 0, 0, 0, 0, 0, 0, 0, 0, 0, 0, 0, 0, 0, 0, 0, 0, 0, 0, 0, 0, 0, 0, 0, 0, 0, 0, 0, 0, 0, 0, 0, 0, 0, 0, 0, 0, 0, 0, 0, 0, 0, 0, 0, 0, 0, 0, 0, 0, 0, 0, 0, 0, 0, 0, 0, 0, 0, 0, 0, 0, 0, 0, 0, 0, 0, 0, 0, 0, 0, 0, 0, 0, 0, 0, 0, 0, 0, 0, 0, 0, 0, 0, 0, 0, 0, 0, 0, 0, 0, 0, 0
20, 0, 0, 0, 0, 0, 0, 0, 0, 0, 0, 0, 0, 0, 0, 0, 0, 0, 0, 0, 0, 0, 0, 0, 0, 0, 0, 0, 0, 0, 0, 0, 0, 0, 0, 0, 0, 0, 0, 0, 0, 0, 0, 0, 0, 0, 0, 0, 0, 0, 0, 0, 0, 0, 0, 0, 0, 0, 0, 0, 0, 0, 0, 0, 0, 0, 0, 0, 0, 0, 0, 0, 0, 0, 0, 0, 0, 0, 0, 0, 0, 0, 0, 0, 0, 0, 0, 0, 0, 0, 0, 0, 0, 0, 0, 0, 0, 0, 0, 0, 0
21, 0, 0, 0, 0, 0, 0, 0, 0, 0, 0, 0, 0, 0, 0, 0, 0, 0, 0, 0, 0, 0, 0, 0, 0, 0, 0, 0, 0, 0, 0, 0, 0, 0, 0, 0, 0, 0, 0, 0, 0, 0, 0, 0, 0, 0, 0, 0, 0, 0, 0, 0, 0, 0, 0, 0, 0, 0, 0, 0, 0, 0, 0, 0, 0, 0, 0, 0, 0, 0, 0, 0, 0, 0, 0, 0, 0, 0, 0, 0, 0, 0, 0, 0, 0, 0, 0, 0, 0, 0, 0, 0, 0, 0, 0, 0, 0, 0, 0, 0, 0
22, 0, 0, 0, 0, 0, 0, 0, 0, 0, 0, 0, 0, 0, 0, 0, 0, 0, 0, 0, 0, 0, 0, 0, 0, 0, 0, 0, 0, 0, 0, 0, 0, 0, 0, 0, 0, 0, 0, 0, 0, 0, 0, 0, 0, 0, 0, 0, 0, 0, 0, 0, 0, 0, 0, 0, 0, 0, 0, 0, 0, 0, 0, 0, 0, 0, 0, 0, 0, 0, 0, 0, 0, 0, 0, 0, 0, 0, 0, 0, 0, 0, 0, 0, 0, 0, 0, 0, 0, 0, 0, 0, 0, 0, 0, 0, 0, 0, 0, 0, 0
23, 0, 0, 0, 0, 0, 0, 0, 0, 0, 0, 0, 0, 0, 0, 0, 0, 0, 0, 0, 0, 0, 0, 0, 0, 0, 0, 0, 0, 0, 0, 0, 0, 0, 0, 0, 0, 0, 0, 0, 0, 0, 0, 0, 0, 0, 0, 0, 0, 0, 0, 0, 0, 0, 0, 0, 0, 0, 0, 0, 0, 0, 0, 0, 0, 0, 0, 0, 0, 0, 0, 0, 0, 0, 0, 0, 0, 0, 0, 0, 0, 0, 0, 0, 0, 0, 0, 0, 0, 0, 0, 0, 0, 0, 0, 0, 0, 0, 0, 0, 0
24, 0, 0, 0, 0, 0, 0, 0, 0, 0, 0, 0, 0, 0, 0, 0, 0, 0, 0, 0, 0, 0, 0, 0, 0, 0, 0, 0, 0, 0, 0, 0, 0, 0, 0, 0, 0, 0, 0, 0, 0, 0, 0, 0, 0, 0, 0, 0, 0, 0, 0, 0, 0, 0, 0, 0, 0, 0, 0, 0, 0, 0, 0, 0, 0, 0, 0, 0, 0, 0, 0, 0, 0, 0, 0, 0, 0, 0, 0, 0, 0, 0, 0, 0, 0, 0, 0, 0, 0, 0, 0, 0, 0, 0, 0, 0, 0, 0, 0, 0, 0
25, 0, 0, 0, 0, 0, 0, 0, 0, 0, 0, 0, 0, 0, 0, 0, 0, 0, 0, 0, 0, 0, 0, 0, 0, 0, 0, 0, 0, 0, 0, 0, 0, 0, 0, 0, 0, 0, 0, 0, 0, 0, 0, 0, 0, 0, 0, 0, 0, 0, 0, 0, 0, 0, 0, 0, 0, 0, 0, 0, 0, 0, 0, 0, 0, 0, 0, 0, 0, 0, 0, 0, 0, 0, 0, 0, 0, 0, 0, 0, 0, 0, 0, 0, 0, 0, 0, 0, 0, 0, 0, 0, 0, 0, 0, 0, 0, 0, 0, 0, 0
26, 0, 0, 0, 0, 0, 0, 0, 0, 0, 0, 0, 0, 0, 0, 0, 0, 0, 0, 0, 0, 0, 0, 0, 0, 0, 0, 0, 0, 0, 0, 0, 0, 0, 0, 0, 0, 0, 0, 0, 0, 0, 0, 0, 0, 0, 0, 0, 0, 0, 0, 0, 0, 0, 0, 0, 0, 0, 0, 0, 0, 0, 0, 0, 0, 0, 0, 0, 0, 0, 0, 0, 0, 0, 0, 0, 0, 0, 0, 0, 0, 0, 0, 0, 0, 0, 0, 0, 0, 0, 0, 0, 0, 0, 0, 0, 0, 0, 0, 0, 0
27, 0, 0, 0, 0, 0, 0, 0, 0, 0, 0, 0, 0, 0, 0, 0, 0, 0, 0, 0, 0, 0, 0, 0, 0, 0, 0, 0, 0, 0, 0, 0, 0, 0, 0, 0, 0, 0, 0, 0, 0, 0, 0, 0, 0, 0, 0, 0, 0, 0, 0, 0, 0, 0, 0, 0, 0, 0, 0, 0, 0, 0, 0, 0, 0, 0, 0, 0, 0, 0, 0, 0, 0, 0, 0, 0, 0, 0, 0, 0, 0, 0, 0, 0, 0, 0, 0, 0, 0, 0, 0, 0, 0, 0, 0, 0, 0, 0, 0, 0, 0
28, 0, 0, 0, 0, 0, 0, 0, 0, 0, 0, 0, 0, 0, 0, 0, 0, 0, 0, 0, 0, 0, 0, 0, 0, 0, 0, 0, 0, 0, 0, 0, 0, 0, 0, 0, 0, 0, 0, 0, 0, 0, 0, 0, 0, 0, 0, 0, 0, 0, 0, 0, 0, 0, 0, 0, 0, 0, 0, 0, 0, 0, 0, 0, 0, 0, 0, 0, 0, 0, 0, 0, 0, 0, 0, 0, 0, 0, 0, 0, 0, 0, 0, 0, 0, 0, 0, 0, 0, 0, 0, 0, 0, 0, 0, 0, 0, 0, 0, 0, 0
29, 0, 0, 0, 0, 0, 0, 0, 0, 0, 0, 0, 0, 0, 0, 0, 0, 0, 0, 0, 0, 0, 0, 0, 0, 0, 0, 0, 0, 0, 0, 0, 0, 0, 0, 0, 0, 0, 0, 0, 0, 0, 0, 0, 0, 0, 0, 0, 0, 0, 0, 0, 0, 0, 0, 0, 0, 0, 0, 0, 0, 0, 0, 0, 0, 0, 0, 0, 0, 0, 0, 0, 0, 0, 0, 0, 0, 0, 0, 0, 0, 0, 0, 0, 0, 0, 0, 0, 0, 0, 0, 0, 0, 0, 0, 0, 0, 0, 0, 0, 0
30, 0, 0, 0, 0, 0, 0, 0, 0, 0, 0, 0, 0, 0, 0, 0, 0, 0, 0, 0, 0, 0, 0, 0, 0, 0, 0, 0, 0, 0, 0, 0, 0, 0, 0, 0, 0, 0, 0, 0, 0, 0, 0, 0, 0, 0, 0, 0, 0, 0, 0, 0, 0, 0, 0, 0, 0, 0, 0, 0, 0, 0, 0, 0, 0, 0, 0, 0, 0, 0, 0, 0, 0, 0, 0, 0, 0, 0, 0, 0, 0, 0, 0, 0, 0, 0, 0, 0, 0, 0, 0, 0, 0, 0, 0, 0, 0, 0, 0, 0, 0
31, 0, 0, 0, 0, 0, 0, 0, 0, 0, 0, 0, 0, 0, 0, 0, 0, 0, 0, 0, 0, 0, 0, 0, 0, 0, 0, 0, 0, 0, 0, 0, 0, 0, 0, 0, 0, 0, 0, 0, 0, 0, 0, 0, 0, 0, 0, 0, 0, 0, 0, 0, 0, 0, 0, 0, 0, 0, 0, 0, 0, 0, 0, 0, 0, 0, 0, 0, 0, 0, 0, 0, 0, 0, 0, 0, 0, 0, 0, 0, 0, 0, 0, 0, 0, 0, 0, 0, 0, 0, 0, 0, 0, 0, 0, 0, 0, 0, 0, 0, 0
32, 0, 0, 0, 0, 0, 0, 0, 0, 0, 0, 0, 0, 0, 0, 0, 0, 0, 0, 0, 0, 0, 0, 0, 0, 0, 0, 0, 0, 0, 0, 0, 0, 0, 0, 0, 0, 0, 0, 0, 0, 0, 0, 0, 0, 0, 0, 0, 0, 0, 0, 0, 0, 0, 0, 0, 0, 0, 0, 0, 0, 0, 0, 0, 0, 0, 0, 0, 0, 0, 0, 0, 0, 0, 0, 0, 0, 0, 0, 0, 0, 0, 0, 0, 0, 0, 0, 0, 0, 0, 0, 0, 0, 0, 0, 0, 0, 0, 0, 0, 0
33, 0, 0, 0, 0, 0, 0, 0, 0, 0, 0, 0, 0, 0, 0, 0, 0, 0, 0, 0, 0, 0, 0, 0, 0, 0, 0, 0, 0, 0, 0, 0, 0, 0, 0, 0, 0, 0, 0, 0, 0, 0, 0, 0, 0, 0, 0, 0, 0, 0, 0, 0, 0, 0, 0, 0, 0, 0, 0, 0, 0, 0, 0, 0, 0, 0, 0, 0, 0, 0, 0, 0, 0, 0, 0, 0, 0, 0, 0, 0, 0, 0, 0, 0, 0, 0, 0, 0, 0, 0, 0, 0, 0, 0, 0, 0, 0, 0, 0, 0, 0
34, 0, 0, 0, 0, 0, 0, 0, 0, 0, 0, 0, 0, 0, 0, 0, 0, 0, 0, 0, 0, 0, 0, 0, 0, 0, 0, 0, 0, 0, 0, 0, 0, 0, 0, 0, 0, 0, 0, 0, 0, 0, 0, 0, 0, 0, 0, 0, 0, 0, 0, 0, 0, 0, 0, 0, 0, 0, 0, 0, 0, 0, 0, 0, 0, 0, 0, 0, 0, 0, 0, 0, 0, 0, 0, 0, 0, 0, 0, 0, 0, 0, 0, 0, 0, 0, 0, 0, 0, 0, 0, 0, 0, 0, 0, 0, 0, 0, 0, 0, 0
35, 0, 0, 0, 0, 0, 0, 0, 0, 0, 0, 0, 0, 0, 0, 0, 0, 0, 0, 0, 0, 0, 0, 0, 0, 0, 0, 0, 0, 0, 0, 0, 0, 0, 0, 0, 0, 0, 0, 0, 0, 0, 0, 0, 0, 0, 0, 0, 0, 0, 0, 0, 0, 0, 0, 0, 0, 0, 0, 0, 0, 0, 0, 0, 0, 0, 0, 0, 0, 0, 0, 0, 0, 0, 0, 0, 0, 0, 0, 0, 0, 0, 0, 0, 0, 0, 0, 0, 0, 0, 0, 0, 0, 0, 0, 0, 0, 0, 0, 0, 0
36, 0, 0, 0, 0, 0, 0, 0, 0, 0, 0, 0, 0, 0, 0, 0, 0, 0, 0, 0, 0, 0, 0, 0, 0, 0, 0, 0, 0, 0, 0, 0, 0, 0, 0, 0, 0, 0, 0, 0, 0, 0, 0, 0, 0, 0, 0, 0, 0, 0, 0, 0, 0, 0, 0, 0, 0, 0, 0, 0, 0, 0, 0, 0, 0, 0, 0, 0, 0, 0, 0, 0, 0, 0, 0, 0, 0, 0, 0, 0, 0, 0, 0, 0, 0, 0, 0, 0, 0, 0, 0, 0, 0, 0, 0, 0, 0, 0, 0, 0, 0
37, 0, 0, 0, 0, 0, 0, 0, 0, 0, 0, 0, 0, 0, 0, 0, 0, 0, 0, 0, 0, 0, 0, 0, 0, 0, 0, 0, 0, 0, 0, 0, 0, 0, 0, 0, 0, 0, 0, 0, 0, 0, 0, 0, 0, 0, 0, 0, 0, 0, 0, 0, 0, 0, 0, 0, 0, 0, 0, 0, 0, 0, 0, 0, 0, 0, 0, 0, 0, 0, 0, 0, 0, 0, 0, 0, 0, 0, 0, 0, 0, 0, 0, 0, 0, 0, 0, 0, 0, 0, 0, 0, 0, 0, 0, 0, 0, 0, 0, 0, 0
38, 0, 0, 0, 0, 0, 0, 0, 0, 0, 0, 0, 0, 0, 0, 0, 0, 0, 0, 0, 0, 0, 0, 0, 0, 0, 0, 0, 0, 0, 0, 0, 0, 0, 0, 0, 0, 0, 0, 0, 0, 0, 0, 0, 0, 0, 0, 0, 0, 0, 0, 0, 0, 0, 0, 0, 0, 0, 0, 0, 0, 0, 0, 0, 0, 0, 0, 0, 0, 0, 0, 0, 0, 0, 0, 0, 0, 0, 0, 0, 0, 0, 0, 0, 0, 0, 0, 0, 0, 0, 0, 0, 0, 0, 0, 0, 0, 0, 0, 0, 0
39, 0, 0, 0, 0, 0, 0, 0, 0, 0, 0, 0, 0, 0, 0, 0, 0, 0, 0, 0, 0, 0, 0, 0, 0, 0, 0, 0, 0, 0, 0, 0, 0, 0, 0, 0, 0, 0, 0, 0, 0, 0, 0, 0, 0, 0, 0, 0, 0, 0, 0, 0, 0, 0, 0, 0, 0, 0, 0, 0, 0, 0, 0, 0, 0, 0, 0, 0, 0, 0, 0, 0, 0, 0, 0, 0, 0, 0, 0, 0, 0, 0, 0, 0, 0, 0, 0, 0, 0, 0, 0, 0, 0, 0, 0, 0, 0, 0, 0, 0, 0
40, 0, 0, 0, 0, 0, 0, 0, 0, 0, 0, 0, 0, 0, 0, 0, 0, 0, 0, 0, 0, 0, 0, 0, 0, 0, 0, 0, 0, 0, 0, 0, 0, 0, 0, 0, 0, 0, 0, 0, 0, 0, 0, 0, 0, 0, 0, 0, 0, 0, 0, 0, 0, 0, 0, 0, 0, 0, 0, 0, 0, 0, 0, 0, 0, 0, 0, 0, 0, 0, 0, 0, 0, 0, 0, 0, 0, 0, 0, 0, 0, 0, 0, 0, 0, 0, 0, 0, 0, 0, 0, 0, 0, 0, 0, 0, 0, 0, 0, 0, 0
41, 0, 0, 0, 0, 0, 0, 0, 0, 0, 0, 0, 0, 0, 0, 0, 0, 0, 0, 0, 0, 0, 0, 0, 0, 0, 0, 0, 0, 0, 0, 0, 0, 0, 0, 0, 0, 0, 0, 0, 0, 0, 0, 0, 0, 0, 0, 0, 0, 0, 0, 0, 0, 0, 0, 0, 0, 0, 0, 0, 0, 0, 0, 0, 0, 0, 0, 0, 0, 0, 0, 0, 0, 0, 0, 0, 0, 0, 0, 0, 0, 0, 0, 0, 0, 0, 0, 0, 0, 0, 0, 0, 0, 0, 0, 0, 0, 0, 0, 0, 0
42, 0, 0, 0, 0, 0, 0, 0, 0, 0, 0, 0, 0, 0, 0, 0, 0, 0, 0, 0, 0, 0, 0, 0, 0, 0, 0, 0, 0, 0, 0, 0, 0, 0, 0, 0, 0, 0, 0, 0, 0, 0, 0, 0, 0, 0, 0, 0, 0, 0, 0, 0, 0, 0, 0, 0, 0, 0, 0, 0, 0, 0, 0, 0, 0, 0, 0, 0, 0, 0, 0, 0, 0, 0, 0, 0, 0, 0, 0, 0, 0, 0, 0, 0, 0, 0, 0, 0, 0, 0, 0, 0, 0, 0, 0, 0, 0, 0, 0, 0, 0
43, 0, 0, 0, 0, 0, 0, 0, 0, 0, 0, 0, 0, 0, 0, 0, 0, 0, 0, 0, 0, 0, 0, 0, 0, 0, 0, 0, 0, 0, 0, 0, 0, 0, 0, 0, 0, 0, 0, 0, 0, 0, 0, 0, 0, 0, 0, 0, 0, 0, 0, 0, 0, 0, 0, 0, 0, 0, 0, 0, 0, 0, 0, 0, 0, 0, 0, 0, 0, 0, 0, 0, 0, 0, 0, 0, 0, 0, 0, 0, 0, 0, 0, 0, 0, 0, 0, 0, 0, 0, 0, 0, 0, 0, 0, 0, 0, 0, 0, 0, 0
44, 0, 0, 0, 0, 0, 0, 0, 0, 0, 0, 0, 0, 0, 0, 0, 0, 0, 0, 0, 0, 0, 0, 0, 0, 0, 0, 0, 0, 0, 0, 0, 0, 0, 0, 0, 0, 0, 0, 0, 0, 0, 0, 0, 0, 0, 0, 0, 0, 0, 0, 0, 0, 0, 0, 0, 0, 0, 0, 0, 0, 0, 0, 0, 0, 0, 0, 0, 0, 0, 0, 0, 0, 0, 0, 0, 0, 0, 0, 0, 0, 0, 0, 0, 0, 0, 0, 0, 0, 0, 0, 0, 0, 0, 0, 0, 0, 0, 0, 0, 0
45, 0, 0, 0, 0, 0, 0, 0, 0, 0, 0, 0, 0, 0, 0, 0, 0, 0, 0, 0, 0, 0, 0, 0, 0, 0, 0, 0, 0, 0, 0, 0, 0, 0, 0, 0, 0, 0, 0, 0, 0, 0, 0, 0, 0, 0, 0, 0, 0, 0, 0, 0, 0, 0, 0, 0, 0, 0, 0, 0, 0, 0, 0, 0, 0, 0, 0, 0, 0, 0, 0, 0, 0, 0, 0, 0, 0, 0, 0, 0, 0, 0, 0, 0, 0, 0, 0, 0, 0, 0, 0, 0, 0, 0, 0, 0, 0, 0, 0, 0, 0
46, 0, 0, 0, 0, 0, 0, 0, 0, 0, 0, 0, 0, 0, 0, 0, 0, 0, 0, 0, 0, 0, 0, 0, 0, 0, 0, 0, 0, 0, 0, 0, 0, 0, 0, 0, 0, 0, 0, 0, 0, 0, 0, 0, 0, 0, 0, 0, 0, 0, 0, 0, 0, 0, 0, 0, 0, 0, 0, 0, 0, 0, 0, 0, 0, 0, 0, 0, 0, 0, 0, 0, 0, 0, 0, 0, 0, 0, 0, 0, 0, 0, 0, 0, 0, 0, 0, 0, 0, 0, 0, 0, 0, 0, 0, 0, 0, 0, 0, 0, 0
47, 0, 0, 0, 0, 0, 0, 0, 0, 0, 0, 0, 0, 0, 0, 0, 0, 0, 0, 0, 0, 0, 0, 0, 0, 0, 0, 0, 0, 0, 0, 0, 0, 0, 0, 0, 0, 0, 0, 0, 0, 0, 0, 0, 0, 0, 0, 0, 0, 0, 0, 0, 0, 0, 0, 0, 0, 0, 0, 0, 0, 0, 0, 0, 0, 0, 0, 0, 0, 0, 0, 0, 0, 0, 0, 0, 0, 0, 0, 0, 0, 0, 0, 0, 0, 0, 0, 0, 0, 0, 0, 0, 0, 0, 0, 0, 0, 0, 0, 0, 0
48, 0, 0, 0, 0, 0, 0, 0, 0, 0, 0, 0, 0, 0, 0, 0, 0, 0, 0, 0, 0, 0, 0, 0, 0, 0, 0, 0, 0, 0, 0, 0, 0, 0, 0, 0, 0, 0, 0, 0, 0, 0, 0, 0, 0, 0, 0, 0, 0, 0, 0, 0, 0, 0, 0, 0, 0, 0, 0, 0, 0, 0, 0, 0, 0, 0, 0, 0, 0, 0, 0, 0, 0, 0, 0, 0, 0, 0, 0, 0, 0, 0, 0, 0, 0, 0, 0, 0, 0, 0, 0, 0, 0, 0, 0, 0, 0, 0, 0, 0, 0
49, 0, 0, 0, 0, 0, 0, 0, 0, 0, 0, 0, 0, 0, 0, 0, 0, 0, 0, 0, 0, 0, 0, 0, 0, 0, 0, 0, 0, 0, 0, 0, 0, 0, 0, 0, 0, 0, 0, 0, 0, 0, 0, 0, 0, 0, 0, 0, 0, 0, 0, 0, 0, 0, 0, 0, 0, 0, 0, 0, 0, 0, 0, 0, 0, 0, 0, 0, 0, 0, 0, 0, 0, 0, 0, 0, 0, 0, 0, 0, 0, 0, 0, 0, 0, 0, 0, 0, 0, 0, 0, 0, 0, 0, 0, 0, 0, 0, 0, 0, 0
50, 0, 0, 0, 0, 0, 0, 0, 0, 0, 0, 0, 0, 0, 0, 0, 0, 0, 0, 0, 0, 0, 0, 0, 0, 0, 0, 0, 0, 0, 0, 0, 0, 0, 0, 0, 0, 0, 0, 0, 0, 0, 0, 0, 0, 0, 0, 0, 0, 0, 0, 0, 0, 0, 0, 0, 0, 0, 0, 0, 0, 0, 0, 0, 0, 0, 0, 0, 0, 0, 0, 0, 0, 0, 0, 0, 0, 0, 0, 0, 0, 0, 0, 0, 0, 0, 0, 0, 0, 0, 0, 0, 0, 0, 0, 0, 0, 0, 0, 0, 0
